{
    "loss": 0.6010144352912903,
    "accuracy": 0.9396551847457886
}