{
    "loss": 0.661302387714386,
    "accuracy": 0.9396551847457886
}